Дата,Смена,idMO,Гос. номер,Объект,Рейс №,Зона погрузки,Зона выгрузки,Погружен в,Выгружен в,Длительность, мин,Пробег, км,Объём, м3
2026-02-16,1 смена,6099,А021АТ172,Тобольск общая зона,1,Тобольск Качипова,Тобольск выгрузка,08:46,09:20,51,,
2026-02-16,1 смена,6099,А021АТ172,Тобольск общая зона,2,Тобольск Качипова,Тобольск выгрузка,09:51,10:29,52,,
2026-02-16,1 смена,6099,А021АТ172,Тобольск общая зона,3,Тобольск Качипова,Тобольск выгрузка,11:11,11:39,52,,
2026-02-16,1 смена,6099,А021АТ172,Тобольск общая зона,4,Тобольск Качипова,Тобольск выгрузка,12:16,14:11,136,,
2026-02-16,1 смена,6099,А021АТ172,Тобольск общая зона,5,Тобольск Качипова,Тобольск выгрузка,14:47,15:19,51,,
2026-02-16,1 смена,6099,А021АТ172,Тобольск общая зона,6,Тобольск Качипова,Тобольск выгрузка,15:55,16:24,48,,
2026-02-16,1 смена,6099,А021АТ172,Тобольск общая зона,7,Тобольск Качипова,Тобольск выгрузка,17:12,18:14,94,,
2026-02-16,1 смена,15,Р029МС72,Тобольск общая зона,1,Тобольск Качипова,Тобольск выгрузка,12:20,14:12,140,,
2026-02-16,1 смена,15,Р029МС72,Тобольск общая зона,2,Тобольск Качипова,Тобольск выгрузка,14:54,16:31,121,,
2026-02-16,1 смена,13,Т053СС72,ЕКБ общая граница,1,ЕКБ погрузка,ЕКБ выгрузка,08:28,08:59,76,,
2026-02-16,1 смена,13,Т053СС72,ЕКБ общая граница,2,ЕКБ погрузка,ЕКБ выгрузка,09:33,09:52,47,,
2026-02-16,1 смена,13,Т053СС72,ЕКБ общая граница,3,ЕКБ погрузка,ЕКБ выгрузка,10:28,10:45,48,,
2026-02-16,1 смена,13,Т053СС72,ЕКБ общая граница,4,ЕКБ погрузка,ЕКБ выгрузка,11:32,11:50,59,,
2026-02-16,1 смена,13,Т053СС72,ЕКБ общая граница,5,ЕКБ погрузка,ЕКБ выгрузка,12:34,14:08,125,,
2026-02-16,1 смена,13,Т053СС72,ЕКБ общая граница,6,ЕКБ погрузка,ЕКБ выгрузка,15:14,15:30,76,,
2026-02-16,1 смена,13,Т053СС72,ЕКБ общая граница,7,ЕКБ погрузка,ЕКБ выгрузка,16:11,16:28,52,,
2026-02-16,1 смена,13,Т053СС72,ЕКБ общая граница,8,ЕКБ погрузка,ЕКБ выгрузка,16:57,17:16,43,,
2026-02-16,1 смена,13,Т053СС72,ЕКБ общая граница,9,ЕКБ погрузка,ЕКБ выгрузка,18:02,18:23,61,,
2026-02-16,1 смена,785,С141МН72,ЕКБ общая граница,1,ЕКБ погрузка,ЕКБ выгрузка,08:45,09:04,73,,
2026-02-16,1 смена,785,С141МН72,ЕКБ общая граница,2,ЕКБ погрузка,ЕКБ выгрузка,09:36,09:54,43,,
2026-02-16,1 смена,785,С141МН72,ЕКБ общая граница,3,ЕКБ погрузка,ЕКБ выгрузка,10:29,10:51,50,,
2026-02-16,1 смена,785,С141МН72,ЕКБ общая граница,4,ЕКБ погрузка,ЕКБ выгрузка,11:36,11:59,61,,
2026-02-16,1 смена,785,С141МН72,ЕКБ общая граница,5,ЕКБ погрузка,ЕКБ выгрузка,12:31,12:45,40,,
2026-02-16,1 смена,785,С141МН72,ЕКБ общая граница,6,ЕКБ погрузка,ЕКБ выгрузка,14:44,15:08,69,,
2026-02-16,1 смена,785,С141МН72,ЕКБ общая граница,7,ЕКБ погрузка,ЕКБ выгрузка,15:29,18:33,199,,
2026-02-16,1 смена,779,С165МН72,ЕКБ общая граница,1,ЕКБ погрузка,ЕКБ выгрузка,08:39,08:54,64,,
2026-02-16,1 смена,779,С165МН72,ЕКБ общая граница,2,ЕКБ погрузка,ЕКБ выгрузка,09:27,09:47,47,,
2026-02-16,1 смена,779,С165МН72,ЕКБ общая граница,3,ЕКБ погрузка,ЕКБ выгрузка,10:14,10:41,48,,
2026-02-16,1 смена,779,С165МН72,ЕКБ общая граница,4,ЕКБ погрузка,ЕКБ выгрузка,11:24,11:43,56,,
2026-02-16,1 смена,779,С165МН72,ЕКБ общая граница,5,ЕКБ погрузка,ЕКБ выгрузка,12:12,13:53,125,,
2026-02-16,1 смена,779,С165МН72,ЕКБ общая граница,6,ЕКБ погрузка,ЕКБ выгрузка,14:47,15:02,63,,
2026-02-16,1 смена,779,С165МН72,ЕКБ общая граница,7,ЕКБ погрузка,ЕКБ выгрузка,15:54,16:22,75,,
2026-02-16,1 смена,779,С165МН72,ЕКБ общая граница,8,ЕКБ погрузка,ЕКБ выгрузка,16:42,17:05,37,,
2026-02-16,1 смена,779,С165МН72,ЕКБ общая граница,9,ЕКБ погрузка,ЕКБ выгрузка,17:51,18:25,60,,
2026-02-16,1 смена,784,С228МН72,ЕКБ общая граница,1,ЕКБ погрузка,ЕКБ выгрузка,08:23,08:34,42,,
2026-02-16,1 смена,784,С228МН72,ЕКБ общая граница,2,ЕКБ погрузка,ЕКБ выгрузка,09:02,09:16,37,,
2026-02-16,1 смена,784,С228МН72,ЕКБ общая граница,3,ЕКБ погрузка,ЕКБ выгрузка,09:50,10:03,40,,
2026-02-16,1 смена,784,С228МН72,ЕКБ общая граница,4,ЕКБ погрузка,ЕКБ выгрузка,10:37,10:54,46,,
2026-02-16,1 смена,784,С228МН72,ЕКБ общая граница,5,ЕКБ погрузка,ЕКБ выгрузка,11:48,12:03,55,,
2026-02-16,1 смена,784,С228МН72,ЕКБ общая граница,6,ЕКБ погрузка,ЕКБ выгрузка,12:36,14:17,129,,
2026-02-16,1 смена,784,С228МН72,ЕКБ общая граница,7,ЕКБ погрузка,ЕКБ выгрузка,15:21,15:36,73,,
2026-02-16,1 смена,784,С228МН72,ЕКБ общая граница,8,ЕКБ погрузка,ЕКБ выгрузка,17:11,17:25,45,,
2026-02-16,1 смена,784,С228МН72,ЕКБ общая граница,9,ЕКБ погрузка,ЕКБ выгрузка,18:04,18:25,55,,
2026-02-16,1 смена,5795,Х371РХ72,Тобольск общая зона,1,Тобольск Качипова,Тобольск выгрузка,09:21,09:51,43,,
2026-02-16,1 смена,5795,Х371РХ72,Тобольск общая зона,2,Тобольск Качипова,Тобольск выгрузка,10:22,10:49,41,,
2026-02-16,1 смена,5795,Х371РХ72,Тобольск общая зона,3,Тобольск Качипова,Тобольск выгрузка,11:22,11:48,43,,
2026-02-16,1 смена,5795,Х371РХ72,Тобольск общая зона,4,Тобольск Качипова,Тобольск выгрузка,12:23,14:03,120,,
2026-02-16,1 смена,5795,Х371РХ72,Тобольск общая зона,5,Тобольск Качипова,Тобольск выгрузка,14:34,15:00,39,,
2026-02-16,1 смена,5795,Х371РХ72,Тобольск общая зона,6,Тобольск Качипова,Тобольск выгрузка,15:30,16:01,44,,
2026-02-16,1 смена,5795,Х371РХ72,Тобольск общая зона,7,Тобольск Качипова,Тобольск выгрузка,16:30,18:13,115,,
2026-02-16,1 смена,6212,Р404МС186,ЕКБ общая граница,1,ЕКБ погрузка,ЕКБ выгрузка,09:13,09:33,87,,
2026-02-16,1 смена,6212,Р404МС186,ЕКБ общая граница,2,ЕКБ погрузка,ЕКБ выгрузка,10:10,10:30,51,,
2026-02-16,1 смена,6212,Р404МС186,ЕКБ общая граница,3,ЕКБ погрузка,ЕКБ выгрузка,11:21,11:43,67,,
2026-02-16,1 смена,6212,Р404МС186,ЕКБ общая граница,4,ЕКБ погрузка,ЕКБ выгрузка,12:02,12:22,33,,
2026-02-16,1 смена,6212,Р404МС186,ЕКБ общая граница,5,ЕКБ погрузка,ЕКБ выгрузка,14:34,14:56,143,,
2026-02-16,1 смена,6212,Р404МС186,ЕКБ общая граница,6,ЕКБ погрузка,ЕКБ выгрузка,15:45,16:14,72,,
2026-02-16,1 смена,6212,Р404МС186,ЕКБ общая граница,7,ЕКБ погрузка,ЕКБ выгрузка,16:51,17:20,60,,
2026-02-16,1 смена,6212,Р404МС186,ЕКБ общая граница,8,ЕКБ погрузка,ЕКБ выгрузка,17:56,18:26,61,,
2026-02-16,1 смена,5798,Х570РХ72,ЕКБ общая граница,1,ЕКБ погрузка,ЕКБ выгрузка,08:54,09:16,64,,
2026-02-16,1 смена,5798,Х570РХ72,ЕКБ общая граница,2,ЕКБ погрузка,ЕКБ выгрузка,09:46,10:11,49,,
2026-02-16,1 смена,5798,Х570РХ72,ЕКБ общая граница,3,ЕКБ погрузка,ЕКБ выгрузка,10:40,11:00,44,,
2026-02-16,1 смена,5798,Х570РХ72,ЕКБ общая граница,4,ЕКБ погрузка,ЕКБ выгрузка,11:22,11:43,37,,
2026-02-16,1 смена,5798,Х570РХ72,ЕКБ общая граница,5,ЕКБ погрузка,ЕКБ выгрузка,12:07,12:32,43,,
2026-02-16,1 смена,12,Р664КХ72,ЕКБ общая граница,1,ЕКБ погрузка,ЕКБ выгрузка,08:46,09:04,73,,
2026-02-16,1 смена,12,Р664КХ72,ЕКБ общая граница,2,ЕКБ погрузка,ЕКБ выгрузка,09:40,09:55,44,,
2026-02-16,1 смена,12,Р664КХ72,ЕКБ общая граница,3,ЕКБ погрузка,ЕКБ выгрузка,10:33,10:49,48,,
2026-02-16,1 смена,12,Р664КХ72,ЕКБ общая граница,4,ЕКБ погрузка,ЕКБ выгрузка,11:38,14:28,209,,
2026-02-16,1 смена,12,Р664КХ72,ЕКБ общая граница,5,ЕКБ погрузка,ЕКБ выгрузка,15:26,15:50,76,,
2026-02-16,1 смена,12,Р664КХ72,ЕКБ общая граница,6,ЕКБ погрузка,ЕКБ выгрузка,16:13,16:57,61,,
2026-02-16,1 смена,12,Р664КХ72,ЕКБ общая граница,7,ЕКБ погрузка,ЕКБ выгрузка,17:27,17:58,55,,
2026-02-16,1 смена,32,Р665КХ72,ЕКБ общая граница,1,ЕКБ погрузка,ЕКБ выгрузка,08:53,09:16,70,,
2026-02-16,1 смена,32,Р665КХ72,ЕКБ общая граница,2,ЕКБ погрузка,ЕКБ выгрузка,09:50,10:12,49,,
2026-02-16,1 смена,32,Р665КХ72,ЕКБ общая граница,3,ЕКБ погрузка,ЕКБ выгрузка,10:39,11:00,42,,
2026-02-16,1 смена,32,Р665КХ72,ЕКБ общая граница,4,ЕКБ погрузка,ЕКБ выгрузка,11:26,11:45,39,,
2026-02-16,1 смена,32,Р665КХ72,ЕКБ общая граница,5,ЕКБ погрузка,ЕКБ выгрузка,12:07,12:35,44,,
2026-02-16,1 смена,32,Р665КХ72,ЕКБ общая граница,6,ЕКБ погрузка,ЕКБ выгрузка,15:06,15:24,79,,
2026-02-16,1 смена,32,Р665КХ72,ЕКБ общая граница,7,ЕКБ погрузка,ЕКБ выгрузка,16:04,16:19,50,,
2026-02-16,1 смена,32,Р665КХ72,ЕКБ общая граница,8,ЕКБ погрузка,ЕКБ выгрузка,16:46,17:09,44,,
2026-02-16,1 смена,32,Р665КХ72,ЕКБ общая граница,9,ЕКБ погрузка,ЕКБ выгрузка,18:04,18:31,71,,
2026-02-16,1 смена,1562,С840НС72,Тобольск общая зона,1,Тобольск Качипова,Тобольск выгрузка,08:37,08:58,54,,
2026-02-16,1 смена,1562,С840НС72,Тобольск общая зона,2,Тобольск Качипова,Тобольск выгрузка,09:35,09:56,43,,
2026-02-16,1 смена,1562,С840НС72,Тобольск общая зона,3,Тобольск Качипова,Тобольск выгрузка,10:40,11:03,50,,
2026-02-16,1 смена,1562,С840НС72,Тобольск общая зона,4,Тобольск Качипова,Тобольск выгрузка,11:47,14:18,179,,
2026-02-16,1 смена,1562,С840НС72,Тобольск общая зона,5,Тобольск Качипова,Тобольск выгрузка,14:57,15:32,56,,
2026-02-16,1 смена,1562,С840НС72,Тобольск общая зона,6,Тобольск Качипова,Тобольск выгрузка,17:03,17:46,118,,
2026-02-16,1 смена,1582,С842НС72,ЕКБ общая граница,1,ЕКБ погрузка,ЕКБ выгрузка,08:53,10:03,131,,
2026-02-16,1 смена,1582,С842НС72,ЕКБ общая граница,2,ЕКБ погрузка,ЕКБ выгрузка,10:44,10:59,50,,
2026-02-16,1 смена,1582,С842НС72,ЕКБ общая граница,3,ЕКБ погрузка,ЕКБ выгрузка,11:44,12:00,56,,
2026-02-16,1 смена,1582,С842НС72,ЕКБ общая граница,4,ЕКБ погрузка,ЕКБ выгрузка,12:27,12:45,41,,
2026-02-16,1 смена,1582,С842НС72,ЕКБ общая граница,5,ЕКБ погрузка,ЕКБ выгрузка,14:53,15:07,68,,
2026-02-16,1 смена,1582,С842НС72,ЕКБ общая граница,6,ЕКБ погрузка,ЕКБ выгрузка,15:49,16:03,51,,
2026-02-16,1 смена,1582,С842НС72,ЕКБ общая граница,7,ЕКБ погрузка,ЕКБ выгрузка,16:25,16:44,36,,
2026-02-16,1 смена,1582,С842НС72,ЕКБ общая граница,8,ЕКБ погрузка,ЕКБ выгрузка,17:15,17:29,29,,
2026-02-16,1 смена,1582,С842НС72,ЕКБ общая граница,9,ЕКБ погрузка,ЕКБ выгрузка,18:10,18:37,63,,
2026-02-16,1 смена,6216,Р877МР186,ЕКБ общая граница,1,ЕКБ погрузка,ЕКБ выгрузка,08:19,08:38,47,,
2026-02-16,1 смена,6216,Р877МР186,ЕКБ общая граница,2,ЕКБ погрузка,ЕКБ выгрузка,09:19,09:41,58,,
2026-02-16,1 смена,6216,Р877МР186,ЕКБ общая граница,3,ЕКБ погрузка,ЕКБ выгрузка,10:06,10:24,37,,
2026-02-16,1 смена,6216,Р877МР186,ЕКБ общая граница,4,ЕКБ погрузка,ЕКБ выгрузка,11:12,11:43,69,,
2026-02-16,1 смена,6216,Р877МР186,ЕКБ общая граница,5,ЕКБ погрузка,ЕКБ выгрузка,12:11,12:29,41,,
2026-02-16,1 смена,6216,Р877МР186,ЕКБ общая граница,6,ЕКБ погрузка,ЕКБ выгрузка,14:29,14:45,130,,
2026-02-16,1 смена,6216,Р877МР186,ЕКБ общая граница,7,ЕКБ погрузка,ЕКБ выгрузка,15:39,16:06,75,,
2026-02-16,1 смена,6216,Р877МР186,ЕКБ общая граница,8,ЕКБ погрузка,ЕКБ выгрузка,16:34,17:13,58,,
2026-02-16,1 смена,6216,Р877МР186,ЕКБ общая граница,9,ЕКБ погрузка,ЕКБ выгрузка,18:02,18:36,78,,
2026-02-16,1 смена,1563,С881НС72,Тобольск общая зона,1,Тобольск Качипова,Тобольск выгрузка,09:07,09:35,40,,
2026-02-16,1 смена,1563,С881НС72,Тобольск общая зона,2,Тобольск Качипова,Тобольск выгрузка,10:06,10:29,38,,
2026-02-16,1 смена,1563,С881НС72,Тобольск общая зона,3,Тобольск Качипова,Тобольск выгрузка,11:04,11:29,44,,
2026-02-16,1 смена,1563,С881НС72,Тобольск общая зона,4,Тобольск Качипова,Тобольск выгрузка,12:11,14:21,152,,
2026-02-16,1 смена,1563,С881НС72,Тобольск общая зона,5,Тобольск Качипова,Тобольск выгрузка,15:06,15:47,71,,
2026-02-16,1 смена,1563,С881НС72,Тобольск общая зона,6,Тобольск Качипова,Тобольск выгрузка,17:05,19:17,194,,
2026-02-16,1 смена,6229,Р886МР186,ЕКБ общая граница,1,ЕКБ погрузка,ЕКБ выгрузка,08:59,09:24,70,,
2026-02-16,1 смена,6229,Р886МР186,ЕКБ общая граница,2,ЕКБ погрузка,ЕКБ выгрузка,09:55,10:19,49,,
2026-02-16,1 смена,6229,Р886МР186,ЕКБ общая граница,3,ЕКБ погрузка,ЕКБ выгрузка,11:00,11:26,61,,
2026-02-16,1 смена,6229,Р886МР186,ЕКБ общая граница,4,ЕКБ погрузка,ЕКБ выгрузка,11:54,12:18,45,,
2026-02-16,1 смена,6229,Р886МР186,ЕКБ общая граница,5,ЕКБ погрузка,ЕКБ выгрузка,14:19,14:44,141,,
2026-02-16,1 смена,6229,Р886МР186,ЕКБ общая граница,6,ЕКБ погрузка,ЕКБ выгрузка,15:32,16:06,76,,
2026-02-16,1 смена,6229,Р886МР186,ЕКБ общая граница,7,ЕКБ погрузка,ЕКБ выгрузка,16:39,17:15,59,,
2026-02-16,1 смена,6229,Р886МР186,ЕКБ общая граница,8,ЕКБ погрузка,ЕКБ выгрузка,18:04,18:38,78,,
2026-02-16,1 смена,1584,С886НС72,ЕКБ общая граница,1,ЕКБ погрузка,ЕКБ выгрузка,08:33,08:49,65,,
2026-02-16,1 смена,1584,С886НС72,ЕКБ общая граница,2,ЕКБ погрузка,ЕКБ выгрузка,09:22,09:42,47,,
2026-02-16,1 смена,1584,С886НС72,ЕКБ общая граница,3,ЕКБ погрузка,ЕКБ выгрузка,10:10,10:28,41,,
2026-02-16,1 смена,1584,С886НС72,ЕКБ общая граница,4,ЕКБ погрузка,ЕКБ выгрузка,11:16,11:44,70,,
2026-02-16,1 смена,1584,С886НС72,ЕКБ общая граница,5,ЕКБ погрузка,ЕКБ выгрузка,12:16,12:33,43,,
2026-02-16,1 смена,1584,С886НС72,ЕКБ общая граница,6,ЕКБ погрузка,ЕКБ выгрузка,14:59,15:18,68,,
2026-02-16,1 смена,1584,С886НС72,ЕКБ общая граница,7,ЕКБ погрузка,ЕКБ выгрузка,15:59,16:32,69,,
2026-02-16,1 смена,1584,С886НС72,ЕКБ общая граница,8,ЕКБ погрузка,ЕКБ выгрузка,17:01,17:23,45,,
2026-02-16,1 смена,1584,С886НС72,ЕКБ общая граница,9,ЕКБ погрузка,ЕКБ выгрузка,18:00,18:41,73,,
2026-02-16,1 смена,1585,С887НС72,Тобольск общая зона,1,Тобольск Качипова,Тобольск выгрузка,08:52,09:17,41,,
2026-02-16,1 смена,1585,С887НС72,Тобольск общая зона,2,Тобольск Качипова,Тобольск выгрузка,09:45,10:24,51,,
2026-02-16,1 смена,1585,С887НС72,Тобольск общая зона,3,Тобольск Качипова,Тобольск выгрузка,10:56,14:09,208,,
2026-02-16,1 смена,1585,С887НС72,Тобольск общая зона,4,Тобольск Качипова,Тобольск выгрузка,14:44,15:10,43,,
2026-02-16,1 смена,1585,С887НС72,Тобольск общая зона,5,Тобольск Качипова,Тобольск выгрузка,15:46,16:32,63,,
2026-02-16,1 смена,6790,А927ОХ172,Тобольск общая зона,1,Тобольск Качипова,Тобольск выгрузка,15:51,17:04,90,,
2026-02-16,2 смена,6099,А021АТ172,Тобольск общая зона,1,Тобольск Качипова,Тобольск выгрузка,20:36,21:17,67,,
2026-02-16,2 смена,6099,А021АТ172,Тобольск общая зона,2,Тобольск Качипова,Тобольск выгрузка,22:06,22:49,75,,
2026-02-16,2 смена,6099,А021АТ172,Тобольск общая зона,3,Тобольск Качипова,Тобольск выгрузка,00:12,00:42,94,,
2026-02-16,2 смена,6099,А021АТ172,Тобольск общая зона,4,Тобольск Качипова,Тобольск выгрузка,02:17,02:50,113,,
2026-02-16,2 смена,6099,А021АТ172,Тобольск общая зона,5,Тобольск Качипова,Тобольск выгрузка,03:25,03:58,52,,
2026-02-16,2 смена,6099,А021АТ172,Тобольск общая зона,6,Тобольск Качипова,Тобольск выгрузка,05:03,06:43,150,,
2026-02-16,2 смена,13,Т053СС72,ЕКБ общая граница,1,ЕКБ погрузка,ЕКБ выгрузка,20:40,21:04,67,,
2026-02-16,2 смена,13,Т053СС72,ЕКБ общая граница,2,ЕКБ погрузка,ЕКБ выгрузка,21:24,21:57,48,,
2026-02-16,2 смена,13,Т053СС72,ЕКБ общая граница,3,ЕКБ погрузка,ЕКБ выгрузка,22:20,22:40,38,,
2026-02-16,2 смена,13,Т053СС72,ЕКБ общая граница,4,ЕКБ погрузка,ЕКБ выгрузка,23:06,23:31,47,,
2026-02-16,2 смена,13,Т053СС72,ЕКБ общая граница,5,ЕКБ погрузка,ЕКБ выгрузка,00:22,00:35,57,,
2026-02-16,2 смена,13,Т053СС72,ЕКБ общая граница,6,ЕКБ погрузка,ЕКБ выгрузка,02:58,03:14,154,,
2026-02-16,2 смена,13,Т053СС72,ЕКБ общая граница,7,ЕКБ погрузка,ЕКБ выгрузка,04:08,04:20,61,,
2026-02-16,2 смена,13,Т053СС72,ЕКБ общая граница,8,ЕКБ погрузка,ЕКБ выгрузка,05:34,06:04,98,,
2026-02-16,2 смена,785,С141МН72,ЕКБ общая граница,1,ЕКБ погрузка,ЕКБ выгрузка,20:46,21:15,70,,
2026-02-16,2 смена,785,С141МН72,ЕКБ общая граница,2,ЕКБ погрузка,ЕКБ выгрузка,21:44,22:00,39,,
2026-02-16,2 смена,785,С141МН72,ЕКБ общая граница,3,ЕКБ погрузка,ЕКБ выгрузка,22:27,22:41,36,,
2026-02-16,2 смена,785,С141МН72,ЕКБ общая граница,4,ЕКБ погрузка,ЕКБ выгрузка,23:24,23:49,62,,
2026-02-16,2 смена,785,С141МН72,ЕКБ общая граница,5,ЕКБ погрузка,ЕКБ выгрузка,02:18,02:35,160,,
2026-02-16,2 смена,785,С141МН72,ЕКБ общая граница,6,ЕКБ погрузка,ЕКБ выгрузка,03:36,03:53,71,,
2026-02-16,2 смена,785,С141МН72,ЕКБ общая граница,7,ЕКБ погрузка,ЕКБ выгрузка,04:43,05:27,88,,
2026-02-16,2 смена,785,С141МН72,ЕКБ общая граница,8,ЕКБ погрузка,ЕКБ выгрузка,06:02,06:31,59,,
2026-02-16,2 смена,779,С165МН72,ЕКБ общая граница,1,ЕКБ погрузка,ЕКБ выгрузка,20:53,21:09,64,,
2026-02-16,2 смена,779,С165МН72,ЕКБ общая граница,2,ЕКБ погрузка,ЕКБ выгрузка,21:36,22:02,48,,
2026-02-16,2 смена,779,С165МН72,ЕКБ общая граница,3,ЕКБ погрузка,ЕКБ выгрузка,22:49,23:19,72,,
2026-02-16,2 смена,779,С165МН72,ЕКБ общая граница,4,ЕКБ погрузка,ЕКБ выгрузка,23:48,00:05,41,,
2026-02-16,2 смена,779,С165МН72,ЕКБ общая граница,5,ЕКБ погрузка,ЕКБ выгрузка,02:46,03:10,179,,
2026-02-16,2 смена,779,С165МН72,ЕКБ общая граница,6,ЕКБ погрузка,ЕКБ выгрузка,03:54,04:10,54,,
2026-02-16,2 смена,779,С165МН72,ЕКБ общая граница,7,ЕКБ погрузка,ЕКБ выгрузка,04:56,05:27,70,,
2026-02-16,2 смена,779,С165МН72,ЕКБ общая граница,8,ЕКБ погрузка,ЕКБ выгрузка,06:08,06:35,62,,
2026-02-16,2 смена,784,С228МН72,ЕКБ общая граница,1,ЕКБ погрузка,ЕКБ выгрузка,20:53,21:09,70,,
2026-02-16,2 смена,784,С228МН72,ЕКБ общая граница,2,ЕКБ погрузка,ЕКБ выгрузка,21:38,21:59,44,,
2026-02-16,2 смена,784,С228МН72,ЕКБ общая граница,3,ЕКБ погрузка,ЕКБ выгрузка,22:27,22:52,48,,
2026-02-16,2 смена,784,С228МН72,ЕКБ общая граница,4,ЕКБ погрузка,ЕКБ выгрузка,23:22,23:49,52,,
2026-02-16,2 смена,784,С228МН72,ЕКБ общая граница,5,ЕКБ погрузка,ЕКБ выгрузка,02:11,02:31,156,,
2026-02-16,2 смена,784,С228МН72,ЕКБ общая граница,6,ЕКБ погрузка,ЕКБ выгрузка,03:31,03:45,68,,
2026-02-16,2 смена,784,С228МН72,ЕКБ общая граница,7,ЕКБ погрузка,ЕКБ выгрузка,04:47,05:01,69,,
2026-02-16,2 смена,784,С228МН72,ЕКБ общая граница,8,ЕКБ погрузка,ЕКБ выгрузка,05:57,06:16,69,,
2026-02-16,2 смена,6212,Р404МС186,ЕКБ общая граница,1,ЕКБ погрузка,ЕКБ выгрузка,20:26,20:42,51,,
2026-02-16,2 смена,6212,Р404МС186,ЕКБ общая граница,2,ЕКБ погрузка,ЕКБ выгрузка,21:10,21:36,48,,
2026-02-16,2 смена,6212,Р404МС186,ЕКБ общая граница,3,ЕКБ погрузка,ЕКБ выгрузка,22:11,22:41,48,,
2026-02-16,2 смена,6212,Р404МС186,ЕКБ общая граница,4,ЕКБ погрузка,ЕКБ выгрузка,23:30,00:04,79,,
2026-02-16,2 смена,6212,Р404МС186,ЕКБ общая граница,5,ЕКБ погрузка,ЕКБ выгрузка,02:39,03:09,179,,
2026-02-16,2 смена,6212,Р404МС186,ЕКБ общая граница,6,ЕКБ погрузка,ЕКБ выгрузка,03:50,04:13,58,,
2026-02-16,2 смена,6212,Р404МС186,ЕКБ общая граница,7,ЕКБ погрузка,ЕКБ выгрузка,05:58,06:24,78,,
2026-02-16,2 смена,5798,Х570РХ72,ЕКБ общая граница,1,ЕКБ погрузка,ЕКБ выгрузка,02:06,02:28,178,,
2026-02-16,2 смена,5798,Х570РХ72,ЕКБ общая граница,2,ЕКБ погрузка,ЕКБ выгрузка,03:21,03:49,74,,
2026-02-16,2 смена,5798,Х570РХ72,ЕКБ общая граница,3,ЕКБ погрузка,ЕКБ выгрузка,04:20,05:14,79,,
2026-02-16,2 смена,5798,Х570РХ72,ЕКБ общая граница,4,ЕКБ погрузка,ЕКБ выгрузка,05:55,07:30,129,,
2026-02-16,2 смена,32,Р665КХ72,ЕКБ общая граница,1,ЕКБ погрузка,ЕКБ выгрузка,20:32,20:49,57,,
2026-02-16,2 смена,32,Р665КХ72,ЕКБ общая граница,2,ЕКБ погрузка,ЕКБ выгрузка,21:09,21:36,42,,
2026-02-16,2 смена,32,Р665КХ72,ЕКБ общая граница,3,ЕКБ погрузка,ЕКБ выгрузка,21:56,22:19,38,,
2026-02-16,2 смена,32,Р665КХ72,ЕКБ общая граница,4,ЕКБ погрузка,ЕКБ выгрузка,23:01,23:29,65,,
2026-02-16,2 смена,32,Р665КХ72,ЕКБ общая граница,5,ЕКБ погрузка,ЕКБ выгрузка,00:02,00:18,43,,
2026-02-16,2 смена,32,Р665КХ72,ЕКБ общая граница,6,ЕКБ погрузка,ЕКБ выгрузка,02:53,03:08,165,,
2026-02-16,2 смена,32,Р665КХ72,ЕКБ общая граница,7,ЕКБ погрузка,ЕКБ выгрузка,04:25,04:39,42,,
2026-02-16,2 смена,32,Р665КХ72,ЕКБ общая граница,8,ЕКБ погрузка,ЕКБ выгрузка,05:07,05:20,36,,
2026-02-16,2 смена,32,Р665КХ72,ЕКБ общая граница,9,ЕКБ погрузка,ЕКБ выгрузка,06:02,06:20,54,,
2026-02-16,2 смена,1562,С840НС72,Тобольск общая зона,1,Тобольск Качипова,Тобольск выгрузка,20:51,21:27,56,,
2026-02-16,2 смена,1562,С840НС72,Тобольск общая зона,2,Тобольск Качипова,Тобольск выгрузка,22:15,22:51,66,,
2026-02-16,2 смена,1562,С840НС72,Тобольск общая зона,3,Тобольск Качипова,Тобольск выгрузка,23:25,23:49,40,,
2026-02-16,2 смена,1562,С840НС72,Тобольск общая зона,4,Тобольск Качипова,Тобольск выгрузка,02:09,02:42,157,,
2026-02-16,2 смена,1562,С840НС72,Тобольск общая зона,5,Тобольск Качипова,Тобольск выгрузка,03:23,04:10,69,,
2026-02-16,2 смена,1562,С840НС72,Тобольск общая зона,6,Тобольск Качипова,Тобольск выгрузка,04:55,06:03,97,,
2026-02-16,2 смена,1582,С842НС72,ЕКБ общая граница,1,ЕКБ погрузка,ЕКБ выгрузка,20:47,21:04,59,,
2026-02-16,2 смена,1582,С842НС72,ЕКБ общая граница,2,ЕКБ погрузка,ЕКБ выгрузка,21:45,22:03,41,,
2026-02-16,2 смена,1582,С842НС72,ЕКБ общая граница,3,ЕКБ погрузка,ЕКБ выгрузка,22:36,23:49,102,,
2026-02-16,2 смена,1582,С842НС72,ЕКБ общая граница,4,ЕКБ погрузка,ЕКБ выгрузка,02:26,02:47,173,,
2026-02-16,2 смена,1582,С842НС72,ЕКБ общая граница,5,ЕКБ погрузка,ЕКБ выгрузка,03:42,03:54,62,,
2026-02-16,2 смена,1582,С842НС72,ЕКБ общая граница,6,ЕКБ погрузка,ЕКБ выгрузка,04:41,04:53,54,,
2026-02-16,2 смена,1582,С842НС72,ЕКБ общая граница,7,ЕКБ погрузка,ЕКБ выгрузка,05:57,06:16,78,,
2026-02-16,2 смена,6216,Р877МР186,ЕКБ общая граница,1,ЕКБ погрузка,ЕКБ выгрузка,20:16,20:35,51,,
2026-02-16,2 смена,6216,Р877МР186,ЕКБ общая граница,2,ЕКБ погрузка,ЕКБ выгрузка,21:01,21:36,55,,
2026-02-16,2 смена,6216,Р877МР186,ЕКБ общая граница,3,ЕКБ погрузка,ЕКБ выгрузка,22:06,22:25,44,,
2026-02-16,2 смена,6216,Р877МР186,ЕКБ общая граница,4,ЕКБ погрузка,ЕКБ выгрузка,23:00,23:31,61,,
2026-02-16,2 смена,6216,Р877МР186,ЕКБ общая граница,5,ЕКБ погрузка,ЕКБ выгрузка,00:14,00:32,54,,
2026-02-16,2 смена,6216,Р877МР186,ЕКБ общая граница,6,ЕКБ погрузка,ЕКБ выгрузка,03:05,03:24,167,,
2026-02-16,2 смена,6216,Р877МР186,ЕКБ общая граница,7,ЕКБ погрузка,ЕКБ выгрузка,04:07,04:25,56,,
2026-02-16,2 смена,6216,Р877МР186,ЕКБ общая граница,8,ЕКБ погрузка,ЕКБ выгрузка,06:01,06:30,74,,
2026-02-16,2 смена,1563,С881НС72,Тобольск общая зона,1,Тобольск Качипова,Тобольск выгрузка,20:36,21:07,95,,
2026-02-16,2 смена,1563,С881НС72,Тобольск общая зона,2,Тобольск Качипова,Тобольск выгрузка,22:04,22:47,81,,
2026-02-16,2 смена,1563,С881НС72,Тобольск общая зона,3,Тобольск Качипова,Тобольск выгрузка,23:20,23:46,39,,
2026-02-16,2 смена,1563,С881НС72,Тобольск общая зона,4,Тобольск Качипова,Тобольск выгрузка,02:05,02:41,158,,
2026-02-16,2 смена,1563,С881НС72,Тобольск общая зона,5,Тобольск Качипова,Тобольск выгрузка,03:19,03:59,58,,
2026-02-16,2 смена,1563,С881НС72,Тобольск общая зона,6,Тобольск Качипова,Тобольск выгрузка,04:55,07:30,192,,
2026-02-16,2 смена,6229,Р886МР186,ЕКБ общая граница,1,ЕКБ погрузка,ЕКБ выгрузка,20:27,20:49,57,,
2026-02-16,2 смена,6229,Р886МР186,ЕКБ общая граница,2,ЕКБ погрузка,ЕКБ выгрузка,21:24,21:57,63,,
2026-02-16,2 смена,6229,Р886МР186,ЕКБ общая граница,3,ЕКБ погрузка,ЕКБ выгрузка,22:23,22:41,38,,
2026-02-16,2 смена,6229,Р886МР186,ЕКБ общая граница,4,ЕКБ погрузка,ЕКБ выгрузка,23:09,23:32,46,,
2026-02-16,2 смена,6229,Р886МР186,ЕКБ общая граница,5,ЕКБ погрузка,ЕКБ выгрузка,00:28,00:45,67,,
2026-02-16,2 смена,6229,Р886МР186,ЕКБ общая граница,6,ЕКБ погрузка,ЕКБ выгрузка,03:13,03:37,167,,
2026-02-16,2 смена,6229,Р886МР186,ЕКБ общая граница,7,ЕКБ погрузка,ЕКБ выгрузка,05:00,06:04,102,,
2026-02-16,2 смена,1584,С886НС72,ЕКБ общая граница,1,ЕКБ погрузка,ЕКБ выгрузка,20:53,21:08,64,,
2026-02-16,2 смена,1584,С886НС72,ЕКБ общая граница,2,ЕКБ погрузка,ЕКБ выгрузка,21:32,22:02,48,,
2026-02-16,2 смена,1584,С886НС72,ЕКБ общая граница,3,ЕКБ погрузка,ЕКБ выгрузка,22:36,23:07,60,,
2026-02-16,2 смена,1584,С886НС72,ЕКБ общая граница,4,ЕКБ погрузка,ЕКБ выгрузка,23:41,00:05,52,,
2026-02-16,2 смена,1584,С886НС72,ЕКБ общая граница,5,ЕКБ погрузка,ЕКБ выгрузка,02:13,02:31,140,,
2026-02-16,2 смена,1584,С886НС72,ЕКБ общая граница,6,ЕКБ погрузка,ЕКБ выгрузка,03:27,03:44,68,,
2026-02-16,2 смена,1584,С886НС72,ЕКБ общая граница,7,ЕКБ погрузка,ЕКБ выгрузка,04:31,05:20,89,,
2026-02-16,2 смена,1584,С886НС72,ЕКБ общая граница,8,ЕКБ погрузка,ЕКБ выгрузка,05:52,06:18,52,,
2026-02-16,2 смена,1585,С887НС72,Тобольск общая зона,1,Тобольск Качипова,Тобольск выгрузка,20:44,21:09,36,,
2026-02-16,2 смена,1585,С887НС72,Тобольск общая зона,2,Тобольск Качипова,Тобольск выгрузка,22:04,22:57,90,,
2026-02-16,2 смена,1585,С887НС72,Тобольск общая зона,3,Тобольск Качипова,Тобольск выгрузка,23:30,23:54,41,,
2026-02-16,2 смена,1585,С887НС72,Тобольск общая зона,4,Тобольск Качипова,Тобольск выгрузка,02:12,02:39,150,,
2026-02-16,2 смена,1585,С887НС72,Тобольск общая зона,5,Тобольск Качипова,Тобольск выгрузка,03:19,03:46,53,,
2026-02-16,2 смена,1585,С887НС72,Тобольск общая зона,6,Тобольск Качипова,Тобольск выгрузка,04:23,05:08,68,,
2026-02-17,1 смена,6099,А021АТ172,Тобольск общая зона,1,Тобольск Качипова,Тобольск выгрузка,08:48,09:23,53,,
2026-02-17,1 смена,6099,А021АТ172,Тобольск общая зона,2,Тобольск Качипова,Тобольск выгрузка,09:56,10:27,47,,
2026-02-17,1 смена,6099,А021АТ172,Тобольск общая зона,3,Тобольск Качипова,Тобольск выгрузка,10:54,11:23,40,,
2026-02-17,1 смена,6099,А021АТ172,Тобольск общая зона,4,Тобольск Качипова,Тобольск выгрузка,11:59,14:11,153,,
2026-02-17,1 смена,6099,А021АТ172,Тобольск общая зона,5,Тобольск Качипова,Тобольск выгрузка,14:54,16:19,112,,
2026-02-17,1 смена,33,Р027МС72,ЕКБ общая граница,1,ЕКБ погрузка,ЕКБ выгрузка,15:21,15:34,89,,
2026-02-17,1 смена,33,Р027МС72,ЕКБ общая граница,2,ЕКБ погрузка,ЕКБ выгрузка,16:34,16:47,68,,
2026-02-17,1 смена,33,Р027МС72,ЕКБ общая граница,3,ЕКБ погрузка,ЕКБ выгрузка,17:16,17:34,41,,
2026-02-17,1 смена,33,Р027МС72,ЕКБ общая граница,4,ЕКБ погрузка,ЕКБ выгрузка,18:05,18:35,56,,
2026-02-17,1 смена,15,Р029МС72,Тобольск общая зона,1,Тобольск речпорт,Тобольск выгрузка,15:08,15:43,83,,
2026-02-17,1 смена,15,Р029МС72,Тобольск общая зона,2,Тобольск речпорт,Тобольск выгрузка,16:47,18:09,127,,
2026-02-17,1 смена,13,Т053СС72,ЕКБ общая граница,1,ЕКБ погрузка,ЕКБ выгрузка,08:38,08:59,65,,
2026-02-17,1 смена,13,Т053СС72,ЕКБ общая граница,2,ЕКБ погрузка,ЕКБ выгрузка,09:31,09:53,47,,
2026-02-17,1 смена,13,Т053СС72,ЕКБ общая граница,3,ЕКБ погрузка,ЕКБ выгрузка,10:27,10:43,44,,
2026-02-17,1 смена,13,Т053СС72,ЕКБ общая граница,4,ЕКБ погрузка,ЕКБ выгрузка,11:21,11:37,49,,
2026-02-17,1 смена,13,Т053СС72,ЕКБ общая граница,5,ЕКБ погрузка,ЕКБ выгрузка,12:38,12:52,69,,
2026-02-17,1 смена,13,Т053СС72,ЕКБ общая граница,6,ЕКБ погрузка,ЕКБ выгрузка,14:33,14:48,49,,
2026-02-17,1 смена,13,Т053СС72,ЕКБ общая граница,7,ЕКБ погрузка,ЕКБ выгрузка,15:53,16:08,74,,
2026-02-17,1 смена,13,Т053СС72,ЕКБ общая граница,8,ЕКБ погрузка,ЕКБ выгрузка,16:45,16:58,44,,
2026-02-17,1 смена,13,Т053СС72,ЕКБ общая граница,9,ЕКБ погрузка,ЕКБ выгрузка,17:53,18:33,89,,
2026-02-17,1 смена,785,С141МН72,ЕКБ общая граница,1,ЕКБ погрузка,ЕКБ выгрузка,08:50,09:06,66,,
2026-02-17,1 смена,785,С141МН72,ЕКБ общая граница,2,ЕКБ погрузка,ЕКБ выгрузка,09:31,09:46,31,,
2026-02-17,1 смена,785,С141МН72,ЕКБ общая граница,3,ЕКБ погрузка,ЕКБ выгрузка,10:25,10:41,47,,
2026-02-17,1 смена,785,С141МН72,ЕКБ общая граница,4,ЕКБ погрузка,ЕКБ выгрузка,11:36,11:51,50,,
2026-02-17,1 смена,785,С141МН72,ЕКБ общая граница,5,ЕКБ погрузка,ЕКБ выгрузка,12:46,13:49,111,,
2026-02-17,1 смена,785,С141МН72,ЕКБ общая граница,6,ЕКБ погрузка,ЕКБ выгрузка,14:20,14:34,38,,
2026-02-17,1 смена,785,С141МН72,ЕКБ общая граница,7,ЕКБ погрузка,ЕКБ выгрузка,15:41,15:53,72,,
2026-02-17,1 смена,785,С141МН72,ЕКБ общая граница,8,ЕКБ погрузка,ЕКБ выгрузка,16:37,16:49,50,,
2026-02-17,1 смена,785,С141МН72,ЕКБ общая граница,9,ЕКБ погрузка,ЕКБ выгрузка,17:53,18:27,92,,
2026-02-17,1 смена,779,С165МН72,ЕКБ общая граница,1,ЕКБ погрузка,ЕКБ выгрузка,08:38,08:57,61,,
2026-02-17,1 смена,779,С165МН72,ЕКБ общая граница,2,ЕКБ погрузка,ЕКБ выгрузка,09:19,09:35,31,,
2026-02-17,1 смена,779,С165МН72,ЕКБ общая граница,3,ЕКБ погрузка,ЕКБ выгрузка,10:14,10:30,49,,
2026-02-17,1 смена,779,С165МН72,ЕКБ общая граница,4,ЕКБ погрузка,ЕКБ выгрузка,11:00,11:17,42,,
2026-02-17,1 смена,779,С165МН72,ЕКБ общая граница,5,ЕКБ погрузка,ЕКБ выгрузка,12:12,13:49,146,,
2026-02-17,1 смена,779,С165МН72,ЕКБ общая граница,6,ЕКБ погрузка,ЕКБ выгрузка,14:15,14:34,39,,
2026-02-17,1 смена,779,С165МН72,ЕКБ общая граница,7,ЕКБ погрузка,ЕКБ выгрузка,15:42,15:56,76,,
2026-02-17,1 смена,779,С165МН72,ЕКБ общая граница,8,ЕКБ погрузка,ЕКБ выгрузка,16:34,16:54,52,,
2026-02-17,1 смена,779,С165МН72,ЕКБ общая граница,9,ЕКБ погрузка,ЕКБ выгрузка,17:43,18:27,88,,
2026-02-17,1 смена,784,С228МН72,ЕКБ общая граница,1,ЕКБ погрузка,ЕКБ выгрузка,08:14,08:37,46,,
2026-02-17,1 смена,784,С228МН72,ЕКБ общая граница,2,ЕКБ погрузка,ЕКБ выгрузка,09:08,09:22,38,,
2026-02-17,1 смена,784,С228МН72,ЕКБ общая граница,3,ЕКБ погрузка,ЕКБ выгрузка,09:58,10:16,48,,
2026-02-17,1 смена,784,С228МН72,ЕКБ общая граница,4,ЕКБ погрузка,ЕКБ выгрузка,10:38,10:50,29,,
2026-02-17,1 смена,784,С228МН72,ЕКБ общая граница,5,ЕКБ погрузка,ЕКБ выгрузка,11:26,11:39,43,,
2026-02-17,1 смена,784,С228МН72,ЕКБ общая граница,6,ЕКБ погрузка,ЕКБ выгрузка,12:32,12:44,59,,
2026-02-17,1 смена,784,С228МН72,ЕКБ общая граница,7,ЕКБ погрузка,ЕКБ выгрузка,14:45,14:59,54,,
2026-02-17,1 смена,784,С228МН72,ЕКБ общая граница,8,ЕКБ погрузка,ЕКБ выгрузка,16:05,16:22,78,,
2026-02-17,1 смена,784,С228МН72,ЕКБ общая граница,9,ЕКБ погрузка,ЕКБ выгрузка,17:59,18:24,62,,
2026-02-17,1 смена,782,С241МН72,ЕКБ общая граница,1,ЕКБ погрузка,ЕКБ выгрузка,08:55,09:17,71,,
2026-02-17,1 смена,782,С241МН72,ЕКБ общая граница,2,ЕКБ погрузка,ЕКБ выгрузка,09:48,10:14,49,,
2026-02-17,1 смена,782,С241МН72,ЕКБ общая граница,3,ЕКБ погрузка,ЕКБ выгрузка,10:43,11:06,42,,
2026-02-17,1 смена,782,С241МН72,ЕКБ общая граница,4,ЕКБ погрузка,ЕКБ выгрузка,11:48,12:06,54,,
2026-02-17,1 смена,782,С241МН72,ЕКБ общая граница,5,ЕКБ погрузка,ЕКБ выгрузка,12:47,14:16,125,,
2026-02-17,1 смена,782,С241МН72,ЕКБ общая граница,6,ЕКБ погрузка,ЕКБ выгрузка,15:57,16:13,73,,
2026-02-17,1 смена,782,С241МН72,ЕКБ общая граница,7,ЕКБ погрузка,ЕКБ выгрузка,16:57,17:21,62,,
2026-02-17,1 смена,782,С241МН72,ЕКБ общая граница,8,ЕКБ погрузка,ЕКБ выгрузка,18:06,18:35,68,,
2026-02-17,1 смена,1641,С243ОХ72,ЕКБ общая граница,1,ЕКБ погрузка,ЕКБ выгрузка,11:56,14:10,177,,
2026-02-17,1 смена,1641,С243ОХ72,ЕКБ общая граница,2,ЕКБ погрузка,ЕКБ выгрузка,15:02,15:15,59,,
2026-02-17,1 смена,5796,Х339РХ72,Тобольск общая зона,1,Тобольск Качипова,Тобольск выгрузка,09:16,09:42,65,,
2026-02-17,1 смена,5796,Х339РХ72,Тобольск общая зона,2,Тобольск Качипова,Тобольск выгрузка,10:18,10:50,52,,
2026-02-17,1 смена,5796,Х339РХ72,Тобольск общая зона,3,Тобольск Качипова,Тобольск выгрузка,11:24,12:48,102,,
2026-02-17,1 смена,5796,Х339РХ72,Тобольск общая зона,4,Тобольск Качипова,Тобольск выгрузка,14:57,15:57,85,,
2026-02-17,1 смена,5796,Х339РХ72,Тобольск общая зона,5,Тобольск речпорт,Тобольск выгрузка,16:59,18:11,115,,
2026-02-17,1 смена,5795,Х371РХ72,Тобольск общая зона,1,Тобольск Качипова,Тобольск выгрузка,08:43,09:13,45,,
2026-02-17,1 смена,5795,Х371РХ72,Тобольск общая зона,2,Тобольск Качипова,Тобольск выгрузка,09:44,10:11,42,,
2026-02-17,1 смена,5795,Х371РХ72,Тобольск общая зона,3,Тобольск Качипова,Тобольск выгрузка,10:42,11:11,44,,
2026-02-17,1 смена,5795,Х371РХ72,Тобольск общая зона,4,Тобольск Качипова,Тобольск выгрузка,11:53,13:53,145,,
2026-02-17,1 смена,5795,Х371РХ72,Тобольск общая зона,5,Тобольск Качипова,Тобольск выгрузка,14:29,15:37,89,,
2026-02-17,1 смена,5795,Х371РХ72,Тобольск общая зона,6,Тобольск речпорт,Тобольск выгрузка,16:54,18:03,126,,
2026-02-17,1 смена,5794,Х383РХ72,Тобольск общая зона,1,Тобольск Качипова,Тобольск выгрузка,08:51,09:22,52,,
2026-02-17,1 смена,5794,Х383РХ72,Тобольск общая зона,2,Тобольск Качипова,Тобольск выгрузка,09:59,10:28,48,,
2026-02-17,1 смена,5794,Х383РХ72,Тобольск общая зона,3,Тобольск Качипова,Тобольск выгрузка,10:58,11:28,42,,
2026-02-17,1 смена,5794,Х383РХ72,Тобольск общая зона,4,Тобольск Качипова,Тобольск выгрузка,12:06,14:12,148,,
2026-02-17,1 смена,5794,Х383РХ72,Тобольск общая зона,5,Тобольск Качипова,Тобольск выгрузка,14:45,15:38,69,,
2026-02-17,1 смена,5794,Х383РХ72,Тобольск общая зона,6,Тобольск речпорт,Тобольск выгрузка,16:54,18:11,134,,
2026-02-17,1 смена,6212,Р404МС186,ЕКБ общая граница,1,ЕКБ погрузка,ЕКБ выгрузка,09:00,09:20,66,,
2026-02-17,1 смена,6212,Р404МС186,ЕКБ общая граница,2,ЕКБ погрузка,ЕКБ выгрузка,09:55,10:13,47,,
2026-02-17,1 смена,6212,Р404МС186,ЕКБ общая граница,3,ЕКБ погрузка,ЕКБ выгрузка,11:01,11:29,70,,
2026-02-17,1 смена,6212,Р404МС186,ЕКБ общая граница,4,ЕКБ погрузка,ЕКБ выгрузка,12:24,12:42,67,,
2026-02-17,1 смена,6212,Р404МС186,ЕКБ общая граница,5,ЕКБ погрузка,ЕКБ выгрузка,14:26,14:41,43,,
2026-02-17,1 смена,6212,Р404МС186,ЕКБ общая граница,6,ЕКБ погрузка,ЕКБ выгрузка,15:47,16:04,78,,
2026-02-17,1 смена,6212,Р404МС186,ЕКБ общая граница,7,ЕКБ погрузка,ЕКБ выгрузка,16:40,17:00,51,,
2026-02-17,1 смена,6212,Р404МС186,ЕКБ общая граница,8,ЕКБ погрузка,ЕКБ выгрузка,17:55,18:27,74,,
2026-02-17,1 смена,5798,Х570РХ72,ЕКБ общая граница,1,ЕКБ погрузка,ЕКБ выгрузка,11:57,14:14,181,,
2026-02-17,1 смена,12,Р664КХ72,ЕКБ общая граница,1,ЕКБ погрузка,ЕКБ выгрузка,08:39,08:57,65,,
2026-02-17,1 смена,12,Р664КХ72,ЕКБ общая граница,2,ЕКБ погрузка,ЕКБ выгрузка,09:23,09:41,37,,
2026-02-17,1 смена,12,Р664КХ72,ЕКБ общая граница,3,ЕКБ погрузка,ЕКБ выгрузка,10:19,10:42,55,,
2026-02-17,1 смена,12,Р664КХ72,ЕКБ общая граница,4,ЕКБ погрузка,ЕКБ выгрузка,11:13,11:28,41,,
2026-02-17,1 смена,12,Р664КХ72,ЕКБ общая граница,5,ЕКБ погрузка,ЕКБ выгрузка,12:27,13:57,143,,
2026-02-17,1 смена,12,Р664КХ72,ЕКБ общая граница,6,ЕКБ погрузка,ЕКБ выгрузка,14:40,15:00,57,,
2026-02-17,1 смена,12,Р664КХ72,ЕКБ общая граница,7,ЕКБ погрузка,ЕКБ выгрузка,16:06,16:22,76,,
2026-02-17,1 смена,12,Р664КХ72,ЕКБ общая граница,8,ЕКБ погрузка,ЕКБ выгрузка,16:46,17:12,45,,
2026-02-17,1 смена,12,Р664КХ72,ЕКБ общая граница,9,ЕКБ погрузка,ЕКБ выгрузка,17:50,18:21,62,,
2026-02-17,1 смена,32,Р665КХ72,ЕКБ общая граница,1,ЕКБ погрузка,ЕКБ выгрузка,08:45,09:00,54,,
2026-02-17,1 смена,32,Р665КХ72,ЕКБ общая граница,2,ЕКБ погрузка,ЕКБ выгрузка,14:11,14:22,27,,
2026-02-17,1 смена,32,Р665КХ72,ЕКБ общая граница,3,ЕКБ погрузка,ЕКБ выгрузка,15:26,15:40,72,,
2026-02-17,1 смена,32,Р665КХ72,ЕКБ общая граница,4,ЕКБ погрузка,ЕКБ выгрузка,16:24,16:36,50,,
2026-02-17,1 смена,32,Р665КХ72,ЕКБ общая граница,5,ЕКБ погрузка,ЕКБ выгрузка,17:02,17:20,38,,
2026-02-17,1 смена,32,Р665КХ72,ЕКБ общая граница,6,ЕКБ погрузка,ЕКБ выгрузка,18:05,18:23,57,,
2026-02-17,1 смена,1562,С840НС72,Тобольск общая зона,1,Тобольск Качипова,Тобольск выгрузка,08:34,08:59,52,,
2026-02-17,1 смена,1562,С840НС72,Тобольск общая зона,2,Тобольск Качипова,Тобольск выгрузка,09:34,09:58,44,,
2026-02-17,1 смена,1562,С840НС72,Тобольск общая зона,3,Тобольск Качипова,Тобольск выгрузка,10:33,10:55,40,,
2026-02-17,1 смена,1562,С840НС72,Тобольск общая зона,4,Тобольск Качипова,Тобольск выгрузка,11:27,13:46,154,,
2026-02-17,1 смена,1562,С840НС72,Тобольск общая зона,5,Тобольск речпорт,Тобольск выгрузка,15:08,15:44,89,,
2026-02-17,1 смена,1562,С840НС72,Тобольск общая зона,6,Тобольск речпорт,Тобольск выгрузка,16:50,18:05,122,,
2026-02-17,1 смена,1582,С842НС72,ЕКБ общая граница,1,ЕКБ погрузка,ЕКБ выгрузка,08:37,08:59,59,,
2026-02-17,1 смена,1582,С842НС72,ЕКБ общая граница,2,ЕКБ погрузка,ЕКБ выгрузка,09:21,09:35,30,,
2026-02-17,1 смена,1582,С842НС72,ЕКБ общая граница,3,ЕКБ погрузка,ЕКБ выгрузка,10:10,10:25,44,,
2026-02-17,1 смена,1582,С842НС72,ЕКБ общая граница,4,ЕКБ погрузка,ЕКБ выгрузка,10:57,11:24,53,,
2026-02-17,1 смена,1582,С842НС72,ЕКБ общая граница,5,ЕКБ погрузка,ЕКБ выгрузка,12:04,12:18,39,,
2026-02-17,1 смена,1582,С842НС72,ЕКБ общая граница,6,ЕКБ погрузка,ЕКБ выгрузка,14:02,14:16,112,,
2026-02-17,1 смена,1582,С842НС72,ЕКБ общая граница,7,ЕКБ погрузка,ЕКБ выгрузка,15:07,15:22,60,,
2026-02-17,1 смена,1582,С842НС72,ЕКБ общая граница,8,ЕКБ погрузка,ЕКБ выгрузка,16:19,16:33,66,,
2026-02-17,1 смена,1582,С842НС72,ЕКБ общая граница,9,ЕКБ погрузка,ЕКБ выгрузка,17:00,17:24,47,,
2026-02-17,1 смена,1582,С842НС72,ЕКБ общая граница,10,ЕКБ погрузка,ЕКБ выгрузка,17:52,18:32,63,,
2026-02-17,1 смена,6216,Р877МР186,ЕКБ общая граница,1,ЕКБ погрузка,ЕКБ выгрузка,08:41,09:08,80,,
2026-02-17,1 смена,6216,Р877МР186,ЕКБ общая граница,2,ЕКБ погрузка,ЕКБ выгрузка,09:36,10:02,47,,
2026-02-17,1 смена,6216,Р877МР186,ЕКБ общая граница,3,ЕКБ погрузка,ЕКБ выгрузка,10:36,11:02,53,,
2026-02-17,1 смена,6216,Р877МР186,ЕКБ общая граница,4,ЕКБ погрузка,ЕКБ выгрузка,11:41,12:06,58,,
2026-02-17,1 смена,6216,Р877МР186,ЕКБ общая граница,5,ЕКБ погрузка,ЕКБ выгрузка,12:55,14:21,130,,
2026-02-17,1 смена,6216,Р877МР186,ЕКБ общая граница,6,ЕКБ погрузка,ЕКБ выгрузка,15:31,15:48,79,,
2026-02-17,1 смена,6216,Р877МР186,ЕКБ общая граница,7,ЕКБ погрузка,ЕКБ выгрузка,16:34,16:53,59,,
2026-02-17,1 смена,6216,Р877МР186,ЕКБ общая граница,8,ЕКБ погрузка,ЕКБ выгрузка,17:53,18:42,103,,
2026-02-17,1 смена,6229,Р886МР186,ЕКБ общая граница,1,ЕКБ погрузка,ЕКБ выгрузка,09:06,09:28,56,,
2026-02-17,1 смена,6229,Р886МР186,ЕКБ общая граница,2,ЕКБ погрузка,ЕКБ выгрузка,10:05,10:30,46,,
2026-02-17,1 смена,6229,Р886МР186,ЕКБ общая граница,3,ЕКБ погрузка,ЕКБ выгрузка,11:08,11:29,54,,
2026-02-17,1 смена,6229,Р886МР186,ЕКБ общая граница,4,ЕКБ погрузка,ЕКБ выгрузка,12:18,12:35,60,,
2026-02-17,1 смена,6229,Р886МР186,ЕКБ общая граница,5,ЕКБ погрузка,ЕКБ выгрузка,14:52,15:12,151,,
2026-02-17,1 смена,6229,Р886МР186,ЕКБ общая граница,6,ЕКБ погрузка,ЕКБ выгрузка,16:15,16:37,79,,
2026-02-17,1 смена,6229,Р886МР186,ЕКБ общая граница,7,ЕКБ погрузка,ЕКБ выгрузка,17:10,17:43,60,,
2026-02-17,1 смена,6229,Р886МР186,ЕКБ общая граница,8,ЕКБ погрузка,ЕКБ выгрузка,18:06,18:42,54,,
2026-02-17,1 смена,1584,С886НС72,ЕКБ общая граница,1,ЕКБ погрузка,ЕКБ выгрузка,08:50,09:11,70,,
2026-02-17,1 смена,1584,С886НС72,ЕКБ общая граница,2,ЕКБ погрузка,ЕКБ выгрузка,09:38,10:02,44,,
2026-02-17,1 смена,1584,С886НС72,ЕКБ общая граница,3,ЕКБ погрузка,ЕКБ выгрузка,10:36,10:50,42,,
2026-02-17,1 смена,1584,С886НС72,ЕКБ общая граница,4,ЕКБ погрузка,ЕКБ выгрузка,11:24,11:51,56,,
2026-02-17,1 смена,1584,С886НС72,ЕКБ общая граница,5,ЕКБ погрузка,ЕКБ выгрузка,12:42,12:58,62,,
2026-02-17,1 смена,1584,С886НС72,ЕКБ общая граница,6,ЕКБ погрузка,ЕКБ выгрузка,14:57,15:14,122,,
2026-02-17,1 смена,1584,С886НС72,ЕКБ общая граница,7,ЕКБ погрузка,ЕКБ выгрузка,16:20,16:43,83,,
2026-02-17,1 смена,1584,С886НС72,ЕКБ общая граница,8,ЕКБ погрузка,ЕКБ выгрузка,17:07,18:37,108,,
2026-02-17,1 смена,1585,С887НС72,Тобольск общая зона,1,Тобольск Качипова,Тобольск выгрузка,11:32,12:39,84,,
2026-02-17,1 смена,1585,С887НС72,Тобольск общая зона,2,Тобольск Качипова,Тобольск выгрузка,14:11,14:35,101,,
2026-02-17,1 смена,1585,С887НС72,Тобольск общая зона,3,Тобольск Качипова,Тобольск выгрузка,15:00,15:38,45,,
2026-02-17,1 смена,1585,С887НС72,Тобольск общая зона,4,Тобольск речпорт,Тобольск выгрузка,16:45,17:41,104,,
2026-02-17,1 смена,6790,А927ОХ172,Тобольск общая зона,1,Тобольск Качипова,Тобольск выгрузка,08:58,09:32,55,,
2026-02-17,1 смена,6790,А927ОХ172,Тобольск общая зона,2,Тобольск Качипова,Тобольск выгрузка,10:11,10:45,55,,
2026-02-17,1 смена,6790,А927ОХ172,Тобольск общая зона,3,Тобольск Качипова,Тобольск выгрузка,11:19,13:22,140,,
2026-02-17,1 смена,6790,А927ОХ172,Тобольск общая зона,4,Тобольск Качипова,Тобольск выгрузка,14:29,15:38,118,,
2026-02-17,1 смена,6790,А927ОХ172,Тобольск общая зона,5,Тобольск речпорт,Тобольск выгрузка,16:54,18:12,135,,
2026-02-17,2 смена,33,Р027МС72,ЕКБ общая граница,1,ЕКБ погрузка,ЕКБ выгрузка,20:49,21:03,68,,
2026-02-17,2 смена,33,Р027МС72,ЕКБ общая граница,2,ЕКБ погрузка,ЕКБ выгрузка,21:45,21:58,50,,
2026-02-17,2 смена,33,Р027МС72,ЕКБ общая граница,3,ЕКБ погрузка,ЕКБ выгрузка,23:00,23:13,58,,
2026-02-17,2 смена,33,Р027МС72,ЕКБ общая граница,4,ЕКБ погрузка,ЕКБ выгрузка,00:12,00:25,67,,
2026-02-17,2 смена,33,Р027МС72,ЕКБ общая граница,5,ЕКБ погрузка,ЕКБ выгрузка,02:14,02:29,118,,
2026-02-17,2 смена,33,Р027МС72,ЕКБ общая граница,6,ЕКБ погрузка,ЕКБ выгрузка,03:07,03:21,46,,
2026-02-17,2 смена,33,Р027МС72,ЕКБ общая граница,7,ЕКБ погрузка,ЕКБ выгрузка,04:05,04:20,54,,
2026-02-17,2 смена,33,Р027МС72,ЕКБ общая граница,8,ЕКБ погрузка,ЕКБ выгрузка,05:51,06:25,67,,
2026-02-17,2 смена,13,Т053СС72,ЕКБ общая граница,1,ЕКБ погрузка,ЕКБ выгрузка,20:28,20:54,61,,
2026-02-17,2 смена,13,Т053СС72,ЕКБ общая граница,2,ЕКБ погрузка,ЕКБ выгрузка,21:40,21:52,43,,
2026-02-17,2 смена,13,Т053СС72,ЕКБ общая граница,3,ЕКБ погрузка,ЕКБ выгрузка,22:48,23:08,71,,
2026-02-17,2 смена,13,Т053СС72,ЕКБ общая граница,4,ЕКБ погрузка,ЕКБ выгрузка,23:59,00:11,58,,
2026-02-17,2 смена,13,Т053СС72,ЕКБ общая граница,5,ЕКБ погрузка,ЕКБ выгрузка,02:10,02:25,129,,
2026-02-17,2 смена,13,Т053СС72,ЕКБ общая граница,6,ЕКБ погрузка,ЕКБ выгрузка,02:59,03:11,41,,
2026-02-17,2 смена,13,Т053СС72,ЕКБ общая граница,7,ЕКБ погрузка,ЕКБ выгрузка,03:56,04:07,51,,
2026-02-17,2 смена,13,Т053СС72,ЕКБ общая граница,8,ЕКБ погрузка,ЕКБ выгрузка,04:34,04:46,34,,
2026-02-17,2 смена,13,Т053СС72,ЕКБ общая граница,9,ЕКБ погрузка,ЕКБ выгрузка,05:20,05:43,52,,
2026-02-17,2 смена,785,С141МН72,ЕКБ общая граница,1,ЕКБ погрузка,ЕКБ выгрузка,20:38,20:51,57,,
2026-02-17,2 смена,785,С141МН72,ЕКБ общая граница,2,ЕКБ погрузка,ЕКБ выгрузка,21:15,21:42,44,,
2026-02-17,2 смена,785,С141МН72,ЕКБ общая граница,3,ЕКБ погрузка,ЕКБ выгрузка,22:22,22:33,45,,
2026-02-17,2 смена,785,С141МН72,ЕКБ общая граница,4,ЕКБ погрузка,ЕКБ выгрузка,23:31,23:42,63,,
2026-02-17,2 смена,785,С141МН72,ЕКБ общая граница,5,ЕКБ погрузка,ЕКБ выгрузка,00:29,02:08,140,,
2026-02-17,2 смена,785,С141МН72,ЕКБ общая граница,6,ЕКБ погрузка,ЕКБ выгрузка,02:36,02:49,35,,
2026-02-17,2 смена,785,С141МН72,ЕКБ общая граница,7,ЕКБ погрузка,ЕКБ выгрузка,03:49,04:04,69,,
2026-02-17,2 смена,785,С141МН72,ЕКБ общая граница,8,ЕКБ погрузка,ЕКБ выгрузка,05:29,06:03,113,,
2026-02-17,2 смена,779,С165МН72,ЕКБ общая граница,1,ЕКБ погрузка,ЕКБ выгрузка,20:34,20:46,49,,
2026-02-17,2 смена,779,С165МН72,ЕКБ общая граница,2,ЕКБ погрузка,ЕКБ выгрузка,21:34,21:46,54,,
2026-02-17,2 смена,779,С165МН72,ЕКБ общая граница,3,ЕКБ погрузка,ЕКБ выгрузка,22:31,22:45,53,,
2026-02-17,2 смена,779,С165МН72,ЕКБ общая граница,4,ЕКБ погрузка,ЕКБ выгрузка,23:51,00:02,72,,
2026-02-17,2 смена,779,С165МН72,ЕКБ общая граница,5,ЕКБ погрузка,ЕКБ выгрузка,01:30,02:09,121,,
2026-02-17,2 смена,779,С165МН72,ЕКБ общая граница,6,ЕКБ погрузка,ЕКБ выгрузка,02:42,02:54,39,,
2026-02-17,2 смена,779,С165МН72,ЕКБ общая граница,7,ЕКБ погрузка,ЕКБ выгрузка,03:49,04:03,64,,
2026-02-17,2 смена,779,С165МН72,ЕКБ общая граница,8,ЕКБ погрузка,ЕКБ выгрузка,05:25,06:04,114,,
2026-02-17,2 смена,784,С228МН72,ЕКБ общая граница,1,ЕКБ погрузка,ЕКБ выгрузка,21:10,21:22,78,,
2026-02-17,2 смена,784,С228МН72,ЕКБ общая граница,2,ЕКБ погрузка,ЕКБ выгрузка,22:12,22:25,57,,
2026-02-17,2 смена,784,С228МН72,ЕКБ общая граница,3,ЕКБ погрузка,ЕКБ выгрузка,23:24,23:38,68,,
2026-02-17,2 смена,784,С228МН72,ЕКБ общая граница,4,ЕКБ погрузка,ЕКБ выгрузка,00:19,00:30,47,,
2026-02-17,2 смена,784,С228МН72,ЕКБ общая граница,5,ЕКБ погрузка,ЕКБ выгрузка,02:20,02:33,117,,
2026-02-17,2 смена,784,С228МН72,ЕКБ общая граница,6,ЕКБ погрузка,ЕКБ выгрузка,03:23,03:37,58,,
2026-02-17,2 смена,784,С228МН72,ЕКБ общая граница,7,ЕКБ погрузка,ЕКБ выгрузка,04:22,04:40,57,,
2026-02-17,2 смена,784,С228МН72,ЕКБ общая граница,8,ЕКБ погрузка,ЕКБ выгрузка,05:58,06:15,89,,
2026-02-17,2 смена,782,С241МН72,ЕКБ общая граница,1,ЕКБ погрузка,ЕКБ выгрузка,21:10,21:22,64,,
2026-02-17,2 смена,782,С241МН72,ЕКБ общая граница,2,ЕКБ погрузка,ЕКБ выгрузка,22:11,22:27,60,,
2026-02-17,2 смена,782,С241МН72,ЕКБ общая граница,3,ЕКБ погрузка,ЕКБ выгрузка,23:44,23:58,85,,
2026-02-17,2 смена,782,С241МН72,ЕКБ общая граница,4,ЕКБ погрузка,ЕКБ выгрузка,00:37,00:48,44,,
2026-02-17,2 смена,782,С241МН72,ЕКБ общая граница,5,ЕКБ погрузка,ЕКБ выгрузка,02:28,02:42,109,,
2026-02-17,2 смена,782,С241МН72,ЕКБ общая граница,6,ЕКБ погрузка,ЕКБ выгрузка,03:13,03:30,42,,
2026-02-17,2 смена,782,С241МН72,ЕКБ общая граница,7,ЕКБ погрузка,ЕКБ выгрузка,04:17,04:34,59,,
2026-02-17,2 смена,782,С241МН72,ЕКБ общая граница,8,ЕКБ погрузка,ЕКБ выгрузка,05:45,06:13,92,,
2026-02-17,2 смена,1641,С243ОХ72,ЕКБ общая граница,1,ЕКБ погрузка,ЕКБ выгрузка,22:17,22:31,68,,
2026-02-17,2 смена,1641,С243ОХ72,ЕКБ общая граница,2,ЕКБ погрузка,ЕКБ выгрузка,23:33,23:58,81,,
2026-02-17,2 смена,1641,С243ОХ72,ЕКБ общая граница,3,ЕКБ погрузка,ЕКБ выгрузка,00:40,01:18,74,,
2026-02-17,2 смена,6212,Р404МС186,ЕКБ общая граница,1,ЕКБ погрузка,ЕКБ выгрузка,20:57,21:18,85,,
2026-02-17,2 смена,6212,Р404МС186,ЕКБ общая граница,2,ЕКБ погрузка,ЕКБ выгрузка,22:00,22:17,42,,
2026-02-17,2 смена,6212,Р404МС186,ЕКБ общая граница,3,ЕКБ погрузка,ЕКБ выгрузка,23:21,23:38,76,,
2026-02-17,2 смена,6212,Р404МС186,ЕКБ общая граница,4,ЕКБ погрузка,ЕКБ выгрузка,00:22,00:39,56,,
2026-02-17,2 смена,6212,Р404МС186,ЕКБ общая граница,5,ЕКБ погрузка,ЕКБ выгрузка,02:40,02:59,135,,
2026-02-17,2 смена,6212,Р404МС186,ЕКБ общая граница,6,ЕКБ погрузка,ЕКБ выгрузка,03:51,04:10,65,,
2026-02-17,2 смена,6212,Р404МС186,ЕКБ общая граница,7,ЕКБ погрузка,ЕКБ выгрузка,05:41,06:05,61,,
2026-02-17,2 смена,5798,Х570РХ72,ЕКБ общая граница,1,ЕКБ погрузка,ЕКБ выгрузка,21:30,21:43,48,,
2026-02-17,2 смена,5798,Х570РХ72,ЕКБ общая граница,2,ЕКБ погрузка,ЕКБ выгрузка,22:40,22:52,63,,
2026-02-17,2 смена,5798,Х570РХ72,ЕКБ общая граница,3,ЕКБ погрузка,ЕКБ выгрузка,23:47,00:05,67,,
2026-02-17,2 смена,12,Р664КХ72,ЕКБ общая граница,1,ЕКБ погрузка,ЕКБ выгрузка,21:06,21:35,91,,
2026-02-17,2 смена,12,Р664КХ72,ЕКБ общая граница,2,ЕКБ погрузка,ЕКБ выгрузка,22:31,22:46,62,,
2026-02-17,2 смена,12,Р664КХ72,ЕКБ общая граница,3,ЕКБ погрузка,ЕКБ выгрузка,23:42,23:59,66,,
2026-02-17,2 смена,12,Р664КХ72,ЕКБ общая граница,4,ЕКБ погрузка,ЕКБ выгрузка,02:06,02:23,136,,
2026-02-17,2 смена,12,Р664КХ72,ЕКБ общая граница,5,ЕКБ погрузка,ЕКБ выгрузка,03:16,03:35,64,,
2026-02-17,2 смена,12,Р664КХ72,ЕКБ общая граница,6,ЕКБ погрузка,ЕКБ выгрузка,04:20,04:38,56,,
2026-02-17,2 смена,12,Р664КХ72,ЕКБ общая граница,7,ЕКБ погрузка,ЕКБ выгрузка,05:20,05:43,58,,
2026-02-17,2 смена,32,Р665КХ72,ЕКБ общая граница,1,ЕКБ погрузка,ЕКБ выгрузка,21:05,21:19,81,,
2026-02-17,2 смена,32,Р665КХ72,ЕКБ общая граница,2,ЕКБ погрузка,ЕКБ выгрузка,21:55,22:08,43,,
2026-02-17,2 смена,32,Р665КХ72,ЕКБ общая граница,3,ЕКБ погрузка,ЕКБ выгрузка,22:51,23:04,50,,
2026-02-17,2 смена,32,Р665КХ72,ЕКБ общая граница,4,ЕКБ погрузка,ЕКБ выгрузка,00:03,00:16,66,,
2026-02-17,2 смена,32,Р665КХ72,ЕКБ общая граница,5,ЕКБ погрузка,ЕКБ выгрузка,02:04,02:16,115,,
2026-02-17,2 смена,32,Р665КХ72,ЕКБ общая граница,6,ЕКБ погрузка,ЕКБ выгрузка,03:06,03:21,59,,
2026-02-17,2 смена,32,Р665КХ72,ЕКБ общая граница,7,ЕКБ погрузка,ЕКБ выгрузка,04:47,05:00,50,,
2026-02-17,2 смена,32,Р665КХ72,ЕКБ общая граница,8,ЕКБ погрузка,ЕКБ выгрузка,05:31,05:44,38,,
2026-02-17,2 смена,32,Р665КХ72,ЕКБ общая граница,9,ЕКБ погрузка,ЕКБ выгрузка,06:13,06:30,41,,
2026-02-17,2 смена,1582,С842НС72,ЕКБ общая граница,1,ЕКБ погрузка,ЕКБ выгрузка,21:00,21:11,67,,
2026-02-17,2 смена,1582,С842НС72,ЕКБ общая граница,2,ЕКБ погрузка,ЕКБ выгрузка,21:45,21:58,32,,
2026-02-17,2 смена,1582,С842НС72,ЕКБ общая граница,3,ЕКБ погрузка,ЕКБ выгрузка,22:58,23:08,65,,
2026-02-17,2 смена,1582,С842НС72,ЕКБ общая граница,4,ЕКБ погрузка,ЕКБ выгрузка,00:02,00:17,65,,
2026-02-17,2 смена,1582,С842НС72,ЕКБ общая граница,5,ЕКБ погрузка,ЕКБ выгрузка,02:48,03:01,63,,
2026-02-17,2 смена,1582,С842НС72,ЕКБ общая граница,6,ЕКБ погрузка,ЕКБ выгрузка,03:41,03:52,46,,
2026-02-17,2 смена,1582,С842НС72,ЕКБ общая граница,7,ЕКБ погрузка,ЕКБ выгрузка,04:35,04:46,49,,
2026-02-17,2 смена,1582,С842НС72,ЕКБ общая граница,8,ЕКБ погрузка,ЕКБ выгрузка,05:49,06:12,80,,
2026-02-17,2 смена,6216,Р877МР186,ЕКБ общая граница,1,ЕКБ погрузка,ЕКБ выгрузка,20:39,20:57,63,,
2026-02-17,2 смена,6216,Р877МР186,ЕКБ общая граница,2,ЕКБ погрузка,ЕКБ выгрузка,22:05,22:23,69,,
2026-02-17,2 смена,6216,Р877МР186,ЕКБ общая граница,3,ЕКБ погрузка,ЕКБ выгрузка,23:18,23:39,71,,
2026-02-17,2 смена,6216,Р877МР186,ЕКБ общая граница,4,ЕКБ погрузка,ЕКБ выгрузка,00:31,00:47,63,,
2026-02-17,2 смена,6216,Р877МР186,ЕКБ общая граница,5,ЕКБ погрузка,ЕКБ выгрузка,02:29,02:48,116,,
2026-02-17,2 смена,6216,Р877МР186,ЕКБ общая граница,6,ЕКБ погрузка,ЕКБ выгрузка,03:24,03:40,47,,
2026-02-17,2 смена,6216,Р877МР186,ЕКБ общая граница,7,ЕКБ погрузка,ЕКБ выгрузка,04:55,05:12,45,,
2026-02-17,2 смена,6216,Р877МР186,ЕКБ общая граница,8,ЕКБ погрузка,ЕКБ выгрузка,05:39,06:10,53,,
2026-02-17,2 смена,6229,Р886МР186,ЕКБ общая граница,1,ЕКБ погрузка,ЕКБ выгрузка,20:45,21:14,80,,
2026-02-17,2 смена,6229,Р886МР186,ЕКБ общая граница,2,ЕКБ погрузка,ЕКБ выгрузка,21:52,22:10,50,,
2026-02-17,2 смена,6229,Р886МР186,ЕКБ общая граница,3,ЕКБ погрузка,ЕКБ выгрузка,23:10,23:26,71,,
2026-02-17,2 смена,6229,Р886МР186,ЕКБ общая граница,4,ЕКБ погрузка,ЕКБ выгрузка,00:10,00:29,58,,
2026-02-17,2 смена,6229,Р886МР186,ЕКБ общая граница,5,ЕКБ погрузка,ЕКБ выгрузка,02:19,02:36,122,,
2026-02-17,2 смена,6229,Р886МР186,ЕКБ общая граница,6,ЕКБ погрузка,ЕКБ выгрузка,03:32,03:50,69,,
2026-02-17,2 смена,6229,Р886МР186,ЕКБ общая граница,7,ЕКБ погрузка,ЕКБ выгрузка,05:34,05:56,65,,
2026-02-17,2 смена,1584,С886НС72,ЕКБ общая граница,1,ЕКБ погрузка,ЕКБ выгрузка,20:42,20:57,61,,
2026-02-17,2 смена,1584,С886НС72,ЕКБ общая граница,2,ЕКБ погрузка,ЕКБ выгрузка,21:35,21:46,42,,
2026-02-17,2 смена,1584,С886НС72,ЕКБ общая граница,3,ЕКБ погрузка,ЕКБ выгрузка,22:40,22:50,59,,
2026-02-17,2 смена,1584,С886НС72,ЕКБ общая граница,4,ЕКБ погрузка,ЕКБ выгрузка,23:54,00:07,70,,
2026-02-17,2 смена,1584,С886НС72,ЕКБ общая граница,5,ЕКБ погрузка,ЕКБ выгрузка,02:05,02:18,125,,
2026-02-17,2 смена,1584,С886НС72,ЕКБ общая граница,6,ЕКБ погрузка,ЕКБ выгрузка,02:51,03:04,40,,
2026-02-17,2 смена,1584,С886НС72,ЕКБ общая граница,7,ЕКБ погрузка,ЕКБ выгрузка,03:58,04:11,61,,
2026-02-17,2 смена,1584,С886НС72,ЕКБ общая граница,8,ЕКБ погрузка,ЕКБ выгрузка,04:41,04:53,36,,
2026-02-17,2 смена,1584,С886НС72,ЕКБ общая граница,9,ЕКБ погрузка,ЕКБ выгрузка,05:45,06:12,74,,